Date,Code
2026-08-26,A
2026-8-27,E
2026-08-28,C
2026-8-29,
2026-08-30,
2026-8-31,B
2026-09-01,A
2026-9-2,A
2026-09-03,E
2026-9-4,F
2026-9-5,
2026-9-6,
2026-9-7,B
2026-9-8,F
2026-9-9,A
2026-9-10,E
2026-9-11,B
2026-9-12,
2026-9-13,
2026-9-14,B
2026-9-15,F
2026-9-16,A
2026-9-17,E
2026-9-18,E
2026-9-19,
2026-9-20,
2026-9-21,B
2026-9-22,F
2026-9-23,A
2026-9-24,E
2026-9-25,A
2026-9-26,
2026-9-27,
2026-9-28,B
2026-9-29,F
2026-9-30,A
2026-10-1,E
2026-10-2,F
2026-10-3,
2026-10-4,
2026-10-5,B
2026-10-6,F
2026-10-7,A
2026-10-8,E
2026-10-9,B
2026-10-10,
2026-10-11,
2026-10-12,B
2026-10-13,F
2026-10-14,A
2026-10-15,E
2026-10-16,E
2026-10-17,
2026-10-18,
2026-10-19,C
2026-10-20,
2026-10-21,A
2026-10-22,E
2026-10-23,A
2026-10-24,
2026-10-25,
2026-10-26,B
2026-10-27,F
2026-10-28,A
2026-10-29,E
2026-10-30,F